{ "compressionlevel":-1,
 "height":20,
 "infinite":false,
 "layers":[
        {
         "id":5,
         "image":"..\/imagenes\/fondo02.png",
         "imageheight":1400,
         "imagewidth":2100,
         "name":"Fondo",
         "opacity":1,
         "type":"imagelayer",
         "visible":true,
         "x":0,
         "y":0
        }, 
        {
         "data":[0, 0, 0, 0, 0, 0, 0, 0, 0, 0, 0, 0, 0, 0, 0, 0, 0, 0, 0, 0, 0, 0, 0, 0, 0, 0, 0, 0, 0, 0,
            0, 0, 0, 0, 0, 0, 0, 0, 0, 0, 0, 0, 0, 0, 0, 0, 0, 0, 0, 0, 0, 0, 0, 0, 0, 0, 0, 0, 0, 0,
            0, 0, 0, 0, 0, 0, 0, 0, 0, 0, 0, 0, 0, 0, 0, 0, 0, 0, 0, 0, 0, 0, 0, 0, 0, 0, 0, 0, 0, 0,
            0, 0, 0, 7, 0, 0, 0, 0, 0, 0, 0, 0, 0, 0, 0, 0, 0, 0, 0, 0, 0, 0, 0, 0, 0, 0, 0, 0, 0, 0,
            0, 0, 101, 101, 101, 0, 0, 0, 0, 0, 0, 0, 0, 0, 0, 0, 0, 0, 0, 0, 0, 0, 0, 0, 0, 0, 0, 0, 0, 0,
            0, 0, 122, 117, 123, 0, 0, 0, 0, 0, 0, 0, 0, 0, 0, 0, 0, 0, 0, 0, 0, 0, 0, 0, 0, 0, 0, 0, 0, 0,
            0, 0, 119, 108, 121, 0, 0, 0, 0, 0, 0, 0, 0, 0, 0, 0, 0, 0, 0, 0, 0, 0, 0, 0, 0, 0, 0, 0, 0, 0,
            0, 0, 0, 0, 0, 0, 0, 0, 0, 0, 0, 0, 0, 0, 0, 0, 0, 0, 0, 0, 0, 0, 0, 0, 0, 0, 0, 0, 0, 0,
            0, 0, 0, 0, 0, 0, 0, 0, 0, 0, 0, 0, 0, 0, 0, 0, 0, 0, 0, 0, 0, 0, 0, 0, 0, 0, 0, 0, 0, 0,
            0, 0, 0, 0, 0, 0, 0, 0, 0, 0, 0, 0, 0, 0, 0, 0, 0, 0, 0, 0, 0, 0, 0, 0, 0, 0, 0, 0, 0, 0,
            0, 0, 0, 0, 0, 0, 0, 0, 0, 0, 0, 0, 0, 0, 0, 0, 0, 0, 0, 0, 0, 0, 0, 0, 0, 0, 0, 0, 0, 0,
            0, 0, 0, 0, 0, 0, 0, 0, 0, 0, 0, 0, 0, 0, 0, 0, 0, 0, 0, 0, 0, 0, 0, 0, 0, 0, 0, 0, 0, 0,
            0, 0, 0, 0, 0, 0, 0, 0, 0, 0, 0, 0, 0, 0, 0, 0, 0, 0, 0, 0, 0, 0, 0, 0, 0, 0, 0, 0, 0, 0,
            0, 0, 0, 0, 0, 0, 0, 0, 0, 0, 0, 0, 0, 0, 0, 0, 0, 0, 0, 0, 0, 0, 0, 0, 0, 0, 0, 0, 0, 0,
            0, 26, 25, 27, 0, 0, 0, 0, 0, 0, 0, 0, 0, 0, 0, 0, 0, 0, 0, 0, 0, 0, 0, 0, 0, 0, 0, 0, 0, 0,
            0, 22, 24, 22, 0, 0, 0, 0, 0, 0, 0, 0, 0, 0, 0, 0, 0, 0, 0, 0, 0, 0, 0, 0, 0, 0, 0, 0, 6, 0,
            0, 0, 0, 0, 0, 0, 0, 0, 0, 0, 0, 0, 0, 0, 0, 0, 0, 0, 0, 0, 0, 0, 0, 0, 0, 0, 0, 0, 0, 0,
            0, 0, 0, 0, 0, 0, 0, 0, 0, 0, 0, 0, 0, 0, 0, 0, 0, 0, 0, 0, 0, 0, 0, 0, 0, 0, 0, 0, 0, 0,
            0, 0, 0, 0, 0, 0, 0, 0, 0, 0, 0, 0, 0, 0, 0, 0, 0, 0, 0, 0, 0, 0, 0, 0, 0, 0, 0, 0, 0, 0,
            0, 0, 0, 0, 0, 0, 0, 0, 0, 0, 0, 0, 0, 0, 0, 0, 0, 0, 0, 0, 0, 0, 0, 0, 0, 0, 0, 0, 0, 0],
         "height":20,
         "id":1,
         "name":"Background",
         "opacity":1,
         "type":"tilelayer",
         "visible":true,
         "width":30,
         "x":0,
         "y":0
        }, 
        {
         "data":[0, 0, 0, 0, 0, 0, 0, 0, 0, 0, 0, 0, 0, 0, 0, 0, 0, 0, 0, 0, 0, 0, 0, 0, 0, 0, 0, 0, 0, 0,
            0, 0, 0, 0, 0, 0, 0, 0, 0, 0, 0, 0, 0, 0, 0, 0, 0, 0, 0, 0, 0, 0, 0, 0, 0, 0, 0, 0, 0, 0,
            0, 0, 0, 0, 0, 0, 0, 0, 0, 0, 0, 0, 0, 0, 0, 0, 0, 0, 0, 0, 0, 0, 0, 0, 0, 0, 0, 0, 0, 0,
            0, 0, 0, 0, 0, 0, 0, 0, 0, 0, 0, 0, 0, 0, 0, 0, 0, 0, 0, 0, 0, 0, 0, 0, 0, 0, 0, 0, 0, 0,
            0, 0, 0, 0, 0, 0, 0, 0, 0, 0, 0, 0, 0, 0, 0, 0, 0, 0, 0, 0, 0, 0, 0, 0, 0, 0, 0, 0, 0, 0,
            0, 0, 0, 0, 0, 0, 0, 0, 0, 0, 0, 0, 0, 0, 0, 0, 0, 0, 0, 0, 0, 0, 0, 0, 0, 0, 0, 0, 0, 0,
            0, 0, 0, 0, 0, 0, 0, 0, 0, 0, 0, 0, 0, 0, 0, 0, 0, 0, 0, 0, 0, 0, 0, 0, 0, 0, 0, 0, 0, 0,
            0, 70, 69, 69, 69, 71, 0, 0, 0, 0, 0, 0, 0, 0, 0, 0, 0, 0, 0, 0, 0, 0, 0, 0, 0, 0, 0, 0, 0, 0,
            0, 0, 0, 0, 0, 0, 0, 0, 84, 0, 0, 0, 0, 0, 0, 0, 0, 0, 0, 0, 0, 0, 0, 0, 0, 0, 0, 0, 0, 0,
            0, 0, 0, 0, 0, 0, 0, 0, 0, 0, 0, 94, 95, 95, 96, 0, 0, 0, 0, 0, 0, 0, 0, 0, 0, 0, 0, 0, 0, 0,
            0, 0, 0, 0, 0, 0, 0, 0, 0, 0, 0, 49, 49, 50, 49, 0, 0, 85, 86, 87, 0, 0, 0, 0, 0, 0, 0, 0, 0, 0,
            0, 0, 0, 0, 0, 0, 0, 0, 0, 0, 0, 0, 0, 0, 0, 0, 0, 0, 0, 0, 0, 0, 0, 94, 95, 96, 0, 0, 0, 0,
            0, 0, 0, 0, 0, 0, 0, 0, 0, 0, 0, 0, 0, 0, 0, 0, 0, 0, 0, 0, 0, 0, 0, 49, 49, 49, 0, 0, 0, 0,
            0, 0, 0, 0, 0, 0, 0, 0, 0, 0, 0, 0, 0, 0, 0, 0, 0, 0, 0, 94, 96, 0, 0, 0, 0, 0, 0, 0, 0, 0,
            0, 0, 0, 0, 0, 0, 0, 0, 0, 0, 0, 0, 0, 0, 0, 0, 0, 0, 0, 49, 49, 0, 0, 0, 0, 0, 0, 0, 0, 0,
            0, 0, 0, 0, 0, 0, 0, 0, 0, 0, 0, 0, 85, 86, 86, 86, 87, 0, 0, 0, 0, 0, 33, 0, 0, 0, 0, 0, 0, 0,
            95, 95, 95, 95, 95, 95, 95, 95, 95, 95, 95, 95, 95, 95, 95, 95, 95, 95, 95, 95, 95, 95, 95, 95, 95, 95, 95, 95, 95, 95,
            16, 16, 16, 16, 16, 16, 16, 16, 16, 16, 16, 16, 16, 16, 16, 16, 16, 16, 16, 16, 16, 16, 16, 16, 16, 16, 16, 16, 16, 16,
            16, 16, 16, 16, 16, 16, 16, 16, 16, 16, 16, 16, 16, 16, 16, 16, 16, 16, 16, 16, 16, 16, 16, 16, 16, 16, 16, 16, 16, 16,
            16, 16, 16, 16, 16, 16, 16, 16, 16, 16, 16, 16, 16, 16, 16, 16, 16, 16, 16, 16, 16, 16, 16, 16, 16, 16, 16, 16, 16, 16],
         "height":20,
         "id":2,
         "name":"Ground",
         "opacity":1,
         "type":"tilelayer",
         "visible":true,
         "width":30,
         "x":0,
         "y":0
        }, 
        {
         "data":[0, 0, 0, 0, 0, 0, 0, 0, 0, 0, 0, 0, 0, 0, 0, 0, 0, 0, 0, 0, 0, 0, 0, 0, 0, 0, 0, 0, 0, 0,
            0, 0, 0, 0, 0, 0, 0, 0, 0, 0, 0, 0, 0, 0, 0, 0, 0, 0, 0, 0, 0, 0, 0, 0, 0, 0, 0, 0, 0, 0,
            0, 0, 0, 0, 0, 0, 0, 0, 0, 0, 0, 0, 0, 0, 0, 0, 0, 0, 0, 0, 0, 0, 0, 0, 0, 0, 0, 0, 0, 0,
            0, 0, 0, 0, 0, 0, 0, 0, 0, 0, 0, 0, 0, 0, 0, 0, 0, 0, 0, 0, 0, 0, 0, 0, 0, 0, 0, 0, 0, 0,
            0, 0, 0, 0, 0, 0, 0, 0, 0, 0, 0, 0, 0, 0, 0, 0, 0, 0, 0, 0, 0, 0, 0, 0, 0, 0, 0, 0, 0, 0,
            0, 0, 0, 0, 0, 0, 0, 0, 0, 0, 0, 0, 0, 0, 0, 0, 0, 0, 0, 0, 0, 0, 0, 0, 0, 0, 0, 0, 0, 0,
            0, 0, 0, 0, 0, 0, 0, 0, 0, 0, 0, 0, 0, 0, 0, 0, 0, 0, 0, 0, 0, 0, 0, 0, 0, 0, 0, 0, 0, 0,
            0, 0, 0, 0, 0, 0, 0, 0, 0, 0, 0, 0, 0, 0, 0, 0, 0, 0, 0, 0, 0, 0, 0, 0, 0, 0, 0, 0, 0, 0,
            0, 0, 0, 0, 0, 0, 0, 0, 0, 0, 0, 0, 0, 0, 0, 0, 0, 0, 0, 0, 0, 0, 0, 0, 0, 0, 0, 0, 0, 0,
            0, 0, 0, 0, 0, 0, 0, 0, 0, 0, 0, 0, 0, 0, 0, 0, 0, 0, 0, 0, 0, 0, 0, 0, 0, 0, 0, 0, 0, 0,
            0, 0, 0, 0, 0, 0, 0, 0, 0, 0, 0, 0, 0, 0, 0, 0, 0, 0, 0, 0, 0, 0, 0, 0, 0, 0, 0, 0, 0, 0,
            0, 0, 0, 0, 0, 0, 0, 0, 0, 0, 0, 0, 0, 0, 0, 0, 0, 0, 0, 0, 0, 0, 0, 0, 0, 0, 0, 0, 0, 0,
            0, 0, 0, 0, 0, 0, 0, 0, 0, 0, 0, 0, 0, 0, 0, 0, 0, 0, 0, 0, 0, 0, 0, 0, 0, 0, 0, 0, 0, 0,
            0, 0, 0, 0, 0, 0, 0, 0, 0, 0, 0, 0, 0, 0, 0, 0, 0, 0, 0, 0, 0, 0, 0, 0, 0, 0, 0, 0, 0, 0,
            0, 0, 0, 0, 0, 0, 0, 0, 0, 0, 0, 0, 0, 0, 0, 0, 0, 0, 0, 0, 0, 0, 0, 0, 0, 0, 0, 0, 0, 35,
            33, 0, 0, 0, 0, 0, 0, 0, 0, 0, 0, 0, 0, 0, 0, 0, 0, 0, 0, 0, 0, 0, 0, 0, 0, 0, 0, 0, 0, 35,
            0, 0, 0, 0, 0, 0, 0, 0, 0, 0, 0, 0, 0, 0, 0, 0, 0, 0, 0, 0, 0, 0, 0, 0, 0, 0, 0, 0, 0, 0,
            0, 0, 0, 0, 0, 0, 0, 0, 0, 0, 0, 0, 0, 0, 0, 0, 0, 0, 0, 0, 0, 0, 0, 0, 0, 0, 0, 0, 0, 0,
            0, 0, 0, 0, 0, 0, 0, 0, 0, 0, 0, 0, 0, 0, 0, 0, 0, 0, 0, 0, 0, 0, 0, 0, 0, 0, 0, 0, 0, 0,
            0, 0, 0, 0, 0, 0, 0, 0, 0, 0, 0, 0, 0, 0, 0, 0, 0, 0, 0, 0, 0, 0, 0, 0, 0, 0, 0, 0, 0, 0],
         "height":20,
         "id":3,
         "name":"Walls",
         "opacity":1,
         "type":"tilelayer",
         "visible":true,
         "width":30,
         "x":0,
         "y":0
        }, 
        {
         "draworder":"topdown",
         "id":4,
         "name":"Objects",
         "objects":[
                {
                 "height":32,
                 "id":2,
                 "name":"player_spawn",
                 "rotation":0,
                 "type":"spawn_point",
                 "visible":true,
                 "width":32,
                 "x":367.67,
                 "y":1084
                }, 
                {
                 "height":32,
                 "id":3,
                 "name":"coin",
                 "properties":[
                        {
                         "name":"value",
                         "type":"int",
                         "value":100
                        }],
                 "rotation":0,
                 "type":"collectible",
                 "visible":true,
                 "width":32,
                 "x":1000,
                 "y":1015
                }, 
                {
                 "height":32,
                 "id":4,
                 "name":"coin",
                 "properties":[
                        {
                         "name":"value",
                         "type":"int",
                         "value":100
                        }],
                 "rotation":0,
                 "type":"collectible",
                 "visible":true,
                 "width":32,
                 "x":1692,
                 "y":727
                }, 
                {
                 "height":32,
                 "id":6,
                 "name":"coin",
                 "properties":[
                        {
                         "name":"value",
                         "type":"int",
                         "value":100
                        }],
                 "rotation":0,
                 "type":"collectible",
                 "visible":true,
                 "width":32,
                 "x":576,
                 "y":517
                }, 
                {
                 "height":32,
                 "id":5,
                 "name":"coin",
                 "properties":[
                        {
                         "name":"value",
                         "type":"int",
                         "value":100
                        }],
                 "rotation":0,
                 "type":"collectible",
                 "visible":true,
                 "width":32,
                 "x":1352,
                 "y":871
                }, 
                {
                 "height":32,
                 "id":7,
                 "name":"coin",
                 "properties":[
                        {
                         "name":"value",
                         "type":"int",
                         "value":100
                        }],
                 "rotation":0,
                 "type":"collectible",
                 "visible":true,
                 "width":32,
                 "x":230,
                 "y":445
                }],
         "opacity":1,
         "type":"objectgroup",
         "visible":true,
         "x":0,
         "y":0
        }, 
        {
         "class":"main_ch",
         "data":[0, 0, 0, 0, 0, 0, 0, 0, 0, 0, 0, 0, 0, 0, 0, 0, 0, 0, 0, 0, 0, 0, 0, 0, 0, 0, 0, 0, 0, 0,
            0, 0, 0, 0, 0, 0, 0, 0, 0, 0, 0, 0, 0, 0, 0, 0, 0, 0, 0, 0, 0, 0, 0, 0, 0, 0, 0, 0, 0, 0,
            0, 0, 0, 0, 0, 0, 0, 0, 0, 0, 0, 0, 0, 0, 0, 0, 0, 0, 0, 0, 0, 0, 0, 0, 0, 0, 0, 0, 0, 0,
            0, 0, 0, 0, 0, 0, 0, 0, 0, 0, 0, 0, 0, 0, 0, 0, 0, 0, 0, 0, 0, 0, 0, 0, 0, 0, 0, 0, 0, 0,
            0, 0, 0, 0, 0, 0, 0, 0, 0, 0, 0, 0, 0, 0, 0, 0, 0, 0, 0, 0, 0, 0, 0, 0, 0, 0, 0, 0, 0, 0,
            0, 0, 0, 0, 0, 0, 0, 0, 0, 0, 0, 0, 0, 0, 0, 0, 0, 0, 0, 0, 0, 0, 0, 0, 0, 0, 0, 0, 0, 0,
            0, 0, 0, 0, 0, 0, 0, 0, 0, 0, 0, 0, 0, 0, 0, 0, 0, 0, 0, 0, 0, 0, 0, 0, 0, 0, 0, 0, 0, 0,
            0, 0, 0, 0, 0, 0, 0, 0, 0, 0, 0, 0, 0, 0, 0, 0, 0, 0, 0, 0, 0, 0, 0, 0, 0, 0, 0, 0, 0, 0,
            0, 0, 0, 0, 0, 0, 0, 0, 0, 0, 0, 0, 0, 0, 0, 0, 0, 0, 0, 0, 0, 0, 0, 0, 0, 0, 0, 0, 0, 0,
            0, 0, 0, 0, 0, 0, 0, 0, 0, 0, 0, 0, 0, 0, 0, 0, 0, 0, 0, 0, 0, 0, 0, 0, 0, 0, 0, 0, 0, 0,
            0, 0, 0, 0, 0, 0, 0, 0, 0, 0, 0, 0, 0, 0, 0, 0, 0, 0, 0, 0, 0, 0, 0, 0, 0, 0, 0, 0, 0, 0,
            0, 0, 0, 0, 0, 0, 0, 0, 0, 0, 0, 0, 0, 0, 0, 0, 0, 0, 0, 0, 0, 0, 0, 0, 0, 0, 0, 0, 0, 0,
            0, 0, 0, 0, 0, 0, 0, 0, 0, 0, 0, 0, 0, 0, 0, 0, 0, 0, 0, 0, 0, 0, 0, 0, 0, 0, 0, 0, 0, 0,
            0, 0, 0, 0, 0, 0, 0, 0, 0, 0, 0, 0, 0, 0, 0, 0, 0, 0, 0, 0, 0, 0, 0, 0, 0, 0, 0, 0, 0, 0,
            0, 0, 0, 0, 0, 0, 0, 0, 0, 0, 0, 0, 0, 0, 0, 0, 0, 0, 0, 0, 0, 0, 0, 0, 0, 0, 0, 0, 0, 0,
            0, 0, 0, 0, 0, 195, 0, 0, 0, 0, 0, 0, 0, 0, 0, 0, 0, 0, 0, 0, 0, 0, 0, 0, 0, 0, 0, 0, 0, 0,
            0, 0, 0, 0, 0, 0, 0, 0, 0, 0, 0, 0, 0, 0, 0, 0, 0, 0, 0, 0, 0, 0, 0, 0, 0, 0, 0, 0, 0, 0,
            0, 0, 0, 0, 0, 0, 0, 0, 0, 0, 0, 0, 0, 0, 0, 0, 0, 0, 0, 0, 0, 0, 0, 0, 0, 0, 0, 0, 0, 0,
            0, 0, 0, 0, 0, 0, 0, 0, 0, 0, 0, 0, 0, 0, 0, 0, 0, 0, 0, 0, 0, 0, 0, 0, 0, 0, 0, 0, 0, 0,
            0, 0, 0, 0, 0, 0, 0, 0, 0, 0, 0, 0, 0, 0, 0, 0, 0, 0, 0, 0, 0, 0, 0, 0, 0, 0, 0, 0, 0, 0],
         "height":20,
         "id":6,
         "name":"Player",
         "opacity":1,
         "type":"tilelayer",
         "visible":true,
         "width":30,
         "x":0,
         "y":0
        }],
 "nextlayerid":7,
 "nextobjectid":8,
 "orientation":"orthogonal",
 "renderorder":"right-down",
 "tiledversion":"1.11.2",
 "tileheight":70,
 "tilesets":[
        {
         "columns":0,
         "firstgid":1,
         "grid":
            {
             "height":1,
             "orientation":"orthogonal",
             "width":1
            },
         "margin":0,
         "name":"ice_expansion",
         "spacing":0,
         "tilecount":96,
         "tileheight":70,
         "tiles":[
                {
                 "id":0,
                 "image":"..\/kenney_tileset_packs\/Platformer Art Complete Pack\/Ice expansion\/Tiles\/caneGreen.png",
                 "imageheight":70,
                 "imagewidth":70
                }, 
                {
                 "id":1,
                 "image":"..\/kenney_tileset_packs\/Platformer Art Complete Pack\/Ice expansion\/Tiles\/caneGreenSmall.png",
                 "imageheight":70,
                 "imagewidth":70
                }, 
                {
                 "id":2,
                 "image":"..\/kenney_tileset_packs\/Platformer Art Complete Pack\/Ice expansion\/Tiles\/caneGreenTop.png",
                 "imageheight":70,
                 "imagewidth":70
                }, 
                {
                 "id":3,
                 "image":"..\/kenney_tileset_packs\/Platformer Art Complete Pack\/Ice expansion\/Tiles\/caneGreenTopAlt.png",
                 "imageheight":70,
                 "imagewidth":70
                }, 
                {
                 "id":4,
                 "image":"..\/kenney_tileset_packs\/Platformer Art Complete Pack\/Ice expansion\/Tiles\/caneRed.png",
                 "imageheight":70,
                 "imagewidth":70
                }, 
                {
                 "id":5,
                 "image":"..\/kenney_tileset_packs\/Platformer Art Complete Pack\/Ice expansion\/Tiles\/caneRedSmall.png",
                 "imageheight":70,
                 "imagewidth":70
                }, 
                {
                 "id":6,
                 "image":"..\/kenney_tileset_packs\/Platformer Art Complete Pack\/Ice expansion\/Tiles\/caneRedTop.png",
                 "imageheight":70,
                 "imagewidth":70
                }, 
                {
                 "id":7,
                 "image":"..\/kenney_tileset_packs\/Platformer Art Complete Pack\/Ice expansion\/Tiles\/caneRedTopAlt.png",
                 "imageheight":70,
                 "imagewidth":70
                }, 
                {
                 "id":8,
                 "image":"..\/kenney_tileset_packs\/Platformer Art Complete Pack\/Ice expansion\/Tiles\/deadTree.png",
                 "imageheight":70,
                 "imagewidth":70
                }, 
                {
                 "id":9,
                 "image":"..\/kenney_tileset_packs\/Platformer Art Complete Pack\/Ice expansion\/Tiles\/iceBlock.png",
                 "imageheight":70,
                 "imagewidth":70
                }, 
                {
                 "id":10,
                 "image":"..\/kenney_tileset_packs\/Platformer Art Complete Pack\/Ice expansion\/Tiles\/iceBlockAlt.png",
                 "imageheight":70,
                 "imagewidth":70
                }, 
                {
                 "id":11,
                 "image":"..\/kenney_tileset_packs\/Platformer Art Complete Pack\/Ice expansion\/Tiles\/iceBlockHalf.png",
                 "imageheight":70,
                 "imagewidth":70
                }, 
                {
                 "id":12,
                 "image":"..\/kenney_tileset_packs\/Platformer Art Complete Pack\/Ice expansion\/Tiles\/iceBlockHalfAlt.png",
                 "imageheight":70,
                 "imagewidth":70
                }, 
                {
                 "id":13,
                 "image":"..\/kenney_tileset_packs\/Platformer Art Complete Pack\/Ice expansion\/Tiles\/iceWater.png",
                 "imageheight":70,
                 "imagewidth":70
                }, 
                {
                 "id":14,
                 "image":"..\/kenney_tileset_packs\/Platformer Art Complete Pack\/Ice expansion\/Tiles\/iceWaterAlt.png",
                 "imageheight":70,
                 "imagewidth":70
                }, 
                {
                 "id":15,
                 "image":"..\/kenney_tileset_packs\/Platformer Art Complete Pack\/Ice expansion\/Tiles\/iceWaterDeep.png",
                 "imageheight":70,
                 "imagewidth":70
                }, 
                {
                 "id":16,
                 "image":"..\/kenney_tileset_packs\/Platformer Art Complete Pack\/Ice expansion\/Tiles\/iceWaterDeepAlt.png",
                 "imageheight":70,
                 "imagewidth":70
                }, 
                {
                 "id":17,
                 "image":"..\/kenney_tileset_packs\/Platformer Art Complete Pack\/Ice expansion\/Tiles\/iceWaterDeepStars.png",
                 "imageheight":70,
                 "imagewidth":70
                }, 
                {
                 "id":18,
                 "image":"..\/kenney_tileset_packs\/Platformer Art Complete Pack\/Ice expansion\/Tiles\/iceWaterDeepStarsAlt.png",
                 "imageheight":70,
                 "imagewidth":70
                }, 
                {
                 "id":19,
                 "image":"..\/kenney_tileset_packs\/Platformer Art Complete Pack\/Ice expansion\/Tiles\/iceWaterMid.png",
                 "imageheight":70,
                 "imagewidth":70
                }, 
                {
                 "id":20,
                 "image":"..\/kenney_tileset_packs\/Platformer Art Complete Pack\/Ice expansion\/Tiles\/iceWaterMidAlt.png",
                 "imageheight":70,
                 "imagewidth":70
                }, 
                {
                 "id":21,
                 "image":"..\/kenney_tileset_packs\/Platformer Art Complete Pack\/Ice expansion\/Tiles\/igloo.png",
                 "imageheight":70,
                 "imagewidth":70
                }, 
                {
                 "id":22,
                 "image":"..\/kenney_tileset_packs\/Platformer Art Complete Pack\/Ice expansion\/Tiles\/iglooAlt.png",
                 "imageheight":70,
                 "imagewidth":70
                }, 
                {
                 "id":23,
                 "image":"..\/kenney_tileset_packs\/Platformer Art Complete Pack\/Ice expansion\/Tiles\/iglooDoor.png",
                 "imageheight":70,
                 "imagewidth":70
                }, 
                {
                 "id":24,
                 "image":"..\/kenney_tileset_packs\/Platformer Art Complete Pack\/Ice expansion\/Tiles\/iglooRoof.png",
                 "imageheight":70,
                 "imagewidth":70
                }, 
                {
                 "id":25,
                 "image":"..\/kenney_tileset_packs\/Platformer Art Complete Pack\/Ice expansion\/Tiles\/iglooRoofLeft.png",
                 "imageheight":70,
                 "imagewidth":70
                }, 
                {
                 "id":26,
                 "image":"..\/kenney_tileset_packs\/Platformer Art Complete Pack\/Ice expansion\/Tiles\/iglooRoofRight.png",
                 "imageheight":70,
                 "imagewidth":70
                }, 
                {
                 "id":27,
                 "image":"..\/kenney_tileset_packs\/Platformer Art Complete Pack\/Ice expansion\/Tiles\/pineSapling.png",
                 "imageheight":70,
                 "imagewidth":70
                }, 
                {
                 "id":28,
                 "image":"..\/kenney_tileset_packs\/Platformer Art Complete Pack\/Ice expansion\/Tiles\/pineSaplingAlt.png",
                 "imageheight":70,
                 "imagewidth":70
                }, 
                {
                 "id":29,
                 "image":"..\/kenney_tileset_packs\/Platformer Art Complete Pack\/Ice expansion\/Tiles\/plant.png",
                 "imageheight":70,
                 "imagewidth":70
                },
            
                {
                 "id":30,
                 "image":"..\/kenney_tileset_packs\/Platformer Art Complete Pack\/Ice expansion\/Tiles\/plantAlt.png",
                 "imageheight":70,
                 "imagewidth":70
                }, 
                {
                 "id":31,
                 "image":"..\/kenney_tileset_packs\/Platformer Art Complete Pack\/Ice expansion\/Tiles\/rock.png",
                 "imageheight":70,
                 "imagewidth":70
                }, 
                {
                 "id":32,
                 "image":"..\/kenney_tileset_packs\/Platformer Art Complete Pack\/Ice expansion\/Tiles\/rockAlt.png",
                 "imageheight":70,
                 "imagewidth":70
                }, 
                {
                 "id":33,
                 "image":"..\/kenney_tileset_packs\/Platformer Art Complete Pack\/Ice expansion\/Tiles\/snowBall.png",
                 "imageheight":70,
                 "imagewidth":70
                }, 
                {
                 "id":34,
                 "image":"..\/kenney_tileset_packs\/Platformer Art Complete Pack\/Ice expansion\/Tiles\/snowBallBig.png",
                 "imageheight":70,
                 "imagewidth":70
                }, 
                {
                 "id":35,
                 "image":"..\/kenney_tileset_packs\/Platformer Art Complete Pack\/Ice expansion\/Tiles\/snowBallBigGround.png",
                 "imageheight":70,
                 "imagewidth":70
                }, 
                {
                 "id":36,
                 "image":"..\/kenney_tileset_packs\/Platformer Art Complete Pack\/Ice expansion\/Tiles\/snowBallGround.png",
                 "imageheight":70,
                 "imagewidth":70
                }, 
                {
                 "id":37,
                 "image":"..\/kenney_tileset_packs\/Platformer Art Complete Pack\/Ice expansion\/Tiles\/snowGroundLeft.png",
                 "imageheight":70,
                 "imagewidth":70
                }, 
                {
                 "id":38,
                 "image":"..\/kenney_tileset_packs\/Platformer Art Complete Pack\/Ice expansion\/Tiles\/snowGroundRight.png",
                 "imageheight":70,
                 "imagewidth":70
                }, 
                {
                 "id":39,
                 "image":"..\/kenney_tileset_packs\/Platformer Art Complete Pack\/Ice expansion\/Tiles\/snowHill.png",
                 "imageheight":70,
                 "imagewidth":70
                }, 
                {
                 "id":40,
                 "image":"..\/kenney_tileset_packs\/Platformer Art Complete Pack\/Ice expansion\/Tiles\/snowHillLow.png",
                 "imageheight":70,
                 "imagewidth":70
                }, 
                {
                 "id":41,
                 "image":"..\/kenney_tileset_packs\/Platformer Art Complete Pack\/Ice expansion\/Tiles\/snowLeft.png",
                 "imageheight":70,
                 "imagewidth":70
                }, 
                {
                 "id":42,
                 "image":"..\/kenney_tileset_packs\/Platformer Art Complete Pack\/Ice expansion\/Tiles\/snowMid.png",
                 "imageheight":70,
                 "imagewidth":70
                }, 
                {
                 "id":43,
                 "image":"..\/kenney_tileset_packs\/Platformer Art Complete Pack\/Ice expansion\/Tiles\/snowRight.png",
                 "imageheight":70,
                 "imagewidth":70
                }, 
                {
                 "id":44,
                 "image":"..\/kenney_tileset_packs\/Platformer Art Complete Pack\/Ice expansion\/Tiles\/snowWave.png",
                 "imageheight":70,
                 "imagewidth":70
                }, 
                {
                 "id":45,
                 "image":"..\/kenney_tileset_packs\/Platformer Art Complete Pack\/Ice expansion\/Tiles\/spikesBottom.png",
                 "imageheight":70,
                 "imagewidth":70
                }, 
                {
                 "id":46,
                 "image":"..\/kenney_tileset_packs\/Platformer Art Complete Pack\/Ice expansion\/Tiles\/spikesBottomAlt.png",
                 "imageheight":70,
                 "imagewidth":70
                }, 
                {
                 "id":47,
                 "image":"..\/kenney_tileset_packs\/Platformer Art Complete Pack\/Ice expansion\/Tiles\/spikesBottomAlt2.png",
                 "imageheight":70,
                 "imagewidth":70
                }, 
                {
                 "id":48,
                 "image":"..\/kenney_tileset_packs\/Platformer Art Complete Pack\/Ice expansion\/Tiles\/spikesTop.png",
                 "imageheight":70,
                 "imagewidth":70
                }, 
                {
                 "id":49,
                 "image":"..\/kenney_tileset_packs\/Platformer Art Complete Pack\/Ice expansion\/Tiles\/spikesTopAlt.png",
                 "imageheight":70,
                 "imagewidth":70
                }, 
                {
                 "id":50,
                 "image":"..\/kenney_tileset_packs\/Platformer Art Complete Pack\/Ice expansion\/Tiles\/spikesTopAlt2.png",
                 "imageheight":70,
                 "imagewidth":70
                }, 
                {
                 "id":51,
                 "image":"..\/kenney_tileset_packs\/Platformer Art Complete Pack\/Ice expansion\/Tiles\/spikeTop.png",
                 "imageheight":70,
                 "imagewidth":70
                }, 
                {
                 "id":52,
                 "image":"..\/kenney_tileset_packs\/Platformer Art Complete Pack\/Ice expansion\/Tiles\/tree.png",
                 "imageheight":70,
                 "imagewidth":70
                }, 
                {
                 "id":53,
                 "image":"..\/kenney_tileset_packs\/Platformer Art Complete Pack\/Ice expansion\/Tiles\/treeBranchesLeft.png",
                 "imageheight":70,
                 "imagewidth":70
                }, 
                {
                 "id":54,
                 "image":"..\/kenney_tileset_packs\/Platformer Art Complete Pack\/Ice expansion\/Tiles\/treeBranchesLeftAlt.png",
                 "imageheight":70,
                 "imagewidth":70
                }, 
                {
                 "id":55,
                 "image":"..\/kenney_tileset_packs\/Platformer Art Complete Pack\/Ice expansion\/Tiles\/treeBranchesLeftSnowAlt.png",
                 "imageheight":70,
                 "imagewidth":70
                }, 
                {
                 "id":56,
                 "image":"..\/kenney_tileset_packs\/Platformer Art Complete Pack\/Ice expansion\/Tiles\/treeBranchesRight.png",
                 "imageheight":70,
                 "imagewidth":70
                }, 
                {
                 "id":57,
                 "image":"..\/kenney_tileset_packs\/Platformer Art Complete Pack\/Ice expansion\/Tiles\/treeBranchesSnowLeft.png",
                 "imageheight":70,
                 "imagewidth":70
                }, 
                {
                 "id":58,
                 "image":"..\/kenney_tileset_packs\/Platformer Art Complete Pack\/Ice expansion\/Tiles\/treeBranchesSnowRight.png",
                 "imageheight":70,
                 "imagewidth":70
                }, 
                {
                 "id":59,
                 "image":"..\/kenney_tileset_packs\/Platformer Art Complete Pack\/Ice expansion\/Tiles\/treeBranchesSnowRightAlt.png",
                 "imageheight":70,
                 "imagewidth":70
                },
            
                {
                 "id":60,
                 "image":"..\/kenney_tileset_packs\/Platformer Art Complete Pack\/Ice expansion\/Tiles\/treeBranchesSnowRightSnowAlt.png",
                 "imageheight":70,
                 "imagewidth":70
                }, 
                {
                 "id":61,
                 "image":"..\/kenney_tileset_packs\/Platformer Art Complete Pack\/Ice expansion\/Tiles\/treeTop.png",
                 "imageheight":70,
                 "imagewidth":70
                }, 
                {
                 "id":62,
                 "image":"..\/kenney_tileset_packs\/Platformer Art Complete Pack\/Ice expansion\/Tiles\/treeTopSnow.png",
                 "imageheight":70,
                 "imagewidth":70
                }, 
                {
                 "id":63,
                 "image":"..\/kenney_tileset_packs\/Platformer Art Complete Pack\/Ice expansion\/Tiles\/treeTrunk.png",
                 "imageheight":70,
                 "imagewidth":70
                }, 
                {
                 "id":64,
                 "image":"..\/kenney_tileset_packs\/Platformer Art Complete Pack\/Ice expansion\/Tiles\/treeTrunkBottom.png",
                 "imageheight":70,
                 "imagewidth":70
                }, 
                {
                 "id":65,
                 "image":"..\/kenney_tileset_packs\/Platformer Art Complete Pack\/Ice expansion\/Tiles\/treeTrunkBottomAlt.png",
                 "imageheight":70,
                 "imagewidth":70
                }, 
                {
                 "id":66,
                 "image":"..\/kenney_tileset_packs\/Platformer Art Complete Pack\/Ice expansion\/Tiles\/treeTrunkBottomAlt2.png",
                 "imageheight":70,
                 "imagewidth":70
                }, 
                {
                 "id":67,
                 "image":"..\/kenney_tileset_packs\/Platformer Art Complete Pack\/Ice expansion\/Tiles\/treeTrunkBottomAlt3.png",
                 "imageheight":70,
                 "imagewidth":70
                }, 
                {
                 "id":68,
                 "image":"..\/kenney_tileset_packs\/Platformer Art Complete Pack\/Ice expansion\/Tiles\/treeTrunkBranch.png",
                 "imageheight":70,
                 "imagewidth":70
                }, 
                {
                 "id":69,
                 "image":"..\/kenney_tileset_packs\/Platformer Art Complete Pack\/Ice expansion\/Tiles\/treeTrunkBranchEndLeft.png",
                 "imageheight":70,
                 "imagewidth":70
                }, 
                {
                 "id":70,
                 "image":"..\/kenney_tileset_packs\/Platformer Art Complete Pack\/Ice expansion\/Tiles\/treeTrunkBranchEndRight.png",
                 "imageheight":70,
                 "imagewidth":70
                }, 
                {
                 "id":71,
                 "image":"..\/kenney_tileset_packs\/Platformer Art Complete Pack\/Ice expansion\/Tiles\/treeTrunkBranchLeftAlt.png",
                 "imageheight":70,
                 "imagewidth":70
                }, 
                {
                 "id":72,
                 "image":"..\/kenney_tileset_packs\/Platformer Art Complete Pack\/Ice expansion\/Tiles\/treeTrunkBranchRightAlt.png",
                 "imageheight":70,
                 "imagewidth":70
                }, 
                {
                 "id":73,
                 "image":"..\/kenney_tileset_packs\/Platformer Art Complete Pack\/Ice expansion\/Tiles\/treeTrunkSplitLeft.png",
                 "imageheight":70,
                 "imagewidth":70
                }, 
                {
                 "id":74,
                 "image":"..\/kenney_tileset_packs\/Platformer Art Complete Pack\/Ice expansion\/Tiles\/treeTrunkSplitRight.png",
                 "imageheight":70,
                 "imagewidth":70
                }, 
                {
                 "id":75,
                 "image":"..\/kenney_tileset_packs\/Platformer Art Complete Pack\/Ice expansion\/Tiles\/treeTrunkTop.png",
                 "imageheight":70,
                 "imagewidth":70
                }, 
                {
                 "id":76,
                 "image":"..\/kenney_tileset_packs\/Platformer Art Complete Pack\/Ice expansion\/Tiles\/tundra.png",
                 "imageheight":70,
                 "imagewidth":70
                }, 
                {
                 "id":77,
                 "image":"..\/kenney_tileset_packs\/Platformer Art Complete Pack\/Ice expansion\/Tiles\/tundraCenter.png",
                 "imageheight":70,
                 "imagewidth":70
                }, 
                {
                 "id":78,
                 "image":"..\/kenney_tileset_packs\/Platformer Art Complete Pack\/Ice expansion\/Tiles\/tundraCenter_rounded.png",
                 "imageheight":70,
                 "imagewidth":70
                }, 
                {
                 "id":79,
                 "image":"..\/kenney_tileset_packs\/Platformer Art Complete Pack\/Ice expansion\/Tiles\/tundraCliffLeft.png",
                 "imageheight":70,
                 "imagewidth":70
                }, 
                {
                 "id":80,
                 "image":"..\/kenney_tileset_packs\/Platformer Art Complete Pack\/Ice expansion\/Tiles\/tundraCliffLeftAlt.png",
                 "imageheight":70,
                 "imagewidth":70
                }, 
                {
                 "id":81,
                 "image":"..\/kenney_tileset_packs\/Platformer Art Complete Pack\/Ice expansion\/Tiles\/tundraCliffRight.png",
                 "imageheight":70,
                 "imagewidth":70
                }, 
                {
                 "id":82,
                 "image":"..\/kenney_tileset_packs\/Platformer Art Complete Pack\/Ice expansion\/Tiles\/tundraCliffRightAlt.png",
                 "imageheight":70,
                 "imagewidth":70
                }, 
                {
                 "id":83,
                 "image":"..\/kenney_tileset_packs\/Platformer Art Complete Pack\/Ice expansion\/Tiles\/tundraHalf.png",
                 "imageheight":70,
                 "imagewidth":70
                }, 
                {
                 "id":84,
                 "image":"..\/kenney_tileset_packs\/Platformer Art Complete Pack\/Ice expansion\/Tiles\/tundraHalfLeft.png",
                 "imageheight":70,
                 "imagewidth":70
                }, 
                {
                 "id":85,
                 "image":"..\/kenney_tileset_packs\/Platformer Art Complete Pack\/Ice expansion\/Tiles\/tundraHalfMid.png",
                 "imageheight":70,
                 "imagewidth":70
                }, 
                {
                 "id":86,
                 "image":"..\/kenney_tileset_packs\/Platformer Art Complete Pack\/Ice expansion\/Tiles\/tundraHalfRight.png",
                 "imageheight":70,
                 "imagewidth":70
                }, 
                {
                 "id":87,
                 "image":"..\/kenney_tileset_packs\/Platformer Art Complete Pack\/Ice expansion\/Tiles\/tundraHillLeft.png",
                 "imageheight":70,
                 "imagewidth":70
                }, 
                {
                 "id":88,
                 "image":"..\/kenney_tileset_packs\/Platformer Art Complete Pack\/Ice expansion\/Tiles\/tundraHillLeft2.png",
                 "imageheight":70,
                 "imagewidth":70
                }, 
                {
                 "id":89,
                 "image":"..\/kenney_tileset_packs\/Platformer Art Complete Pack\/Ice expansion\/Tiles\/tundraHillRight.png",
                 "imageheight":70,
                 "imagewidth":70
                },
            
                {
                 "id":90,
                 "image":"..\/kenney_tileset_packs\/Platformer Art Complete Pack\/Ice expansion\/Tiles\/tundraHillRight2.png",
                 "imageheight":70,
                 "imagewidth":70
                }, 
                {
                 "id":91,
                 "image":"..\/kenney_tileset_packs\/Platformer Art Complete Pack\/Ice expansion\/Tiles\/tundraLedgeLeft.png",
                 "imageheight":70,
                 "imagewidth":70
                }, 
                {
                 "id":92,
                 "image":"..\/kenney_tileset_packs\/Platformer Art Complete Pack\/Ice expansion\/Tiles\/tundraLedgeRight.png",
                 "imageheight":70,
                 "imagewidth":70
                }, 
                {
                 "id":93,
                 "image":"..\/kenney_tileset_packs\/Platformer Art Complete Pack\/Ice expansion\/Tiles\/tundraLeft.png",
                 "imageheight":70,
                 "imagewidth":70
                }, 
                {
                 "id":94,
                 "image":"..\/kenney_tileset_packs\/Platformer Art Complete Pack\/Ice expansion\/Tiles\/tundraMid.png",
                 "imageheight":70,
                 "imagewidth":70
                }, 
                {
                 "id":95,
                 "image":"..\/kenney_tileset_packs\/Platformer Art Complete Pack\/Ice expansion\/Tiles\/tundraRight.png",
                 "imageheight":70,
                 "imagewidth":70
                }],
         "tilewidth":70
        }, 
        {
         "columns":0,
         "firstgid":97,
         "grid":
            {
             "height":1,
             "orientation":"orthogonal",
             "width":1
            },
         "margin":0,
         "name":"city_expansion",
         "spacing":0,
         "tilecount":98,
         "tileheight":70,
         "tiles":[
                {
                 "id":0,
                 "image":"..\/kenney_tileset_packs\/Platformer Art Complete Pack\/Buildings expansion\/Tiles\/anemometer.png",
                 "imageheight":70,
                 "imagewidth":70
                }, 
                {
                 "id":1,
                 "image":"..\/kenney_tileset_packs\/Platformer Art Complete Pack\/Buildings expansion\/Tiles\/awningGreen.png",
                 "imageheight":70,
                 "imagewidth":70
                }, 
                {
                 "id":2,
                 "image":"..\/kenney_tileset_packs\/Platformer Art Complete Pack\/Buildings expansion\/Tiles\/awningGreenRed.png",
                 "imageheight":70,
                 "imagewidth":70
                }, 
                {
                 "id":3,
                 "image":"..\/kenney_tileset_packs\/Platformer Art Complete Pack\/Buildings expansion\/Tiles\/awningRed.png",
                 "imageheight":70,
                 "imagewidth":70
                }, 
                {
                 "id":4,
                 "image":"..\/kenney_tileset_packs\/Platformer Art Complete Pack\/Buildings expansion\/Tiles\/chimney.png",
                 "imageheight":70,
                 "imagewidth":70
                }, 
                {
                 "id":5,
                 "image":"..\/kenney_tileset_packs\/Platformer Art Complete Pack\/Buildings expansion\/Tiles\/chimneyLow.png",
                 "imageheight":70,
                 "imagewidth":70
                }, 
                {
                 "id":6,
                 "image":"..\/kenney_tileset_packs\/Platformer Art Complete Pack\/Buildings expansion\/Tiles\/chimneyThin.png",
                 "imageheight":70,
                 "imagewidth":70
                }, 
                {
                 "id":7,
                 "image":"..\/kenney_tileset_packs\/Platformer Art Complete Pack\/Buildings expansion\/Tiles\/clock.png",
                 "imageheight":70,
                 "imagewidth":70
                }, 
                {
                 "id":8,
                 "image":"..\/kenney_tileset_packs\/Platformer Art Complete Pack\/Buildings expansion\/Tiles\/doorKnob.png",
                 "imageheight":70,
                 "imagewidth":70
                }, 
                {
                 "id":9,
                 "image":"..\/kenney_tileset_packs\/Platformer Art Complete Pack\/Buildings expansion\/Tiles\/doorKnobAlt.png",
                 "imageheight":70,
                 "imagewidth":70
                }, 
                {
                 "id":10,
                 "image":"..\/kenney_tileset_packs\/Platformer Art Complete Pack\/Buildings expansion\/Tiles\/doorLock.png",
                 "imageheight":70,
                 "imagewidth":70
                }, 
                {
                 "id":11,
                 "image":"..\/kenney_tileset_packs\/Platformer Art Complete Pack\/Buildings expansion\/Tiles\/doorOpen.png",
                 "imageheight":70,
                 "imagewidth":70
                }, 
                {
                 "id":12,
                 "image":"..\/kenney_tileset_packs\/Platformer Art Complete Pack\/Buildings expansion\/Tiles\/doorOpenTop.png",
                 "imageheight":70,
                 "imagewidth":70
                }, 
                {
                 "id":13,
                 "image":"..\/kenney_tileset_packs\/Platformer Art Complete Pack\/Buildings expansion\/Tiles\/doorPlateTop.png",
                 "imageheight":70,
                 "imagewidth":70
                }, 
                {
                 "id":14,
                 "image":"..\/kenney_tileset_packs\/Platformer Art Complete Pack\/Buildings expansion\/Tiles\/doorTop.png",
                 "imageheight":70,
                 "imagewidth":70
                }, 
                {
                 "id":15,
                 "image":"..\/kenney_tileset_packs\/Platformer Art Complete Pack\/Buildings expansion\/Tiles\/doorWindowTop.png",
                 "imageheight":70,
                 "imagewidth":70
                }, 
                {
                 "id":16,
                 "image":"..\/kenney_tileset_packs\/Platformer Art Complete Pack\/Buildings expansion\/Tiles\/fenceGate.png",
                 "imageheight":70,
                 "imagewidth":70
                }, 
                {
                 "id":17,
                 "image":"..\/kenney_tileset_packs\/Platformer Art Complete Pack\/Buildings expansion\/Tiles\/fenceLong.png",
                 "imageheight":70,
                 "imagewidth":70
                }, 
                {
                 "id":18,
                 "image":"..\/kenney_tileset_packs\/Platformer Art Complete Pack\/Buildings expansion\/Tiles\/fenceLow.png",
                 "imageheight":70,
                 "imagewidth":70
                }, 
                {
                 "id":19,
                 "image":"..\/kenney_tileset_packs\/Platformer Art Complete Pack\/Buildings expansion\/Tiles\/houseBeige.png",
                 "imageheight":70,
                 "imagewidth":70
                }, 
                {
                 "id":20,
                 "image":"..\/kenney_tileset_packs\/Platformer Art Complete Pack\/Buildings expansion\/Tiles\/houseBeigeAlt.png",
                 "imageheight":70,
                 "imagewidth":70
                }, 
                {
                 "id":21,
                 "image":"..\/kenney_tileset_packs\/Platformer Art Complete Pack\/Buildings expansion\/Tiles\/houseBeigeAlt2.png",
                 "imageheight":70,
                 "imagewidth":70
                }, 
                {
                 "id":22,
                 "image":"..\/kenney_tileset_packs\/Platformer Art Complete Pack\/Buildings expansion\/Tiles\/houseBeigeBottomLeft.png",
                 "imageheight":70,
                 "imagewidth":70
                }, 
                {
                 "id":23,
                 "image":"..\/kenney_tileset_packs\/Platformer Art Complete Pack\/Buildings expansion\/Tiles\/houseBeigeBottomMid.png",
                 "imageheight":70,
                 "imagewidth":70
                }, 
                {
                 "id":24,
                 "image":"..\/kenney_tileset_packs\/Platformer Art Complete Pack\/Buildings expansion\/Tiles\/houseBeigeBottomRight.png",
                 "imageheight":70,
                 "imagewidth":70
                }, 
                {
                 "id":25,
                 "image":"..\/kenney_tileset_packs\/Platformer Art Complete Pack\/Buildings expansion\/Tiles\/houseBeigeMidLeft.png",
                 "imageheight":70,
                 "imagewidth":70
                }, 
                {
                 "id":26,
                 "image":"..\/kenney_tileset_packs\/Platformer Art Complete Pack\/Buildings expansion\/Tiles\/houseBeigeMidRight.png",
                 "imageheight":70,
                 "imagewidth":70
                }, 
                {
                 "id":27,
                 "image":"..\/kenney_tileset_packs\/Platformer Art Complete Pack\/Buildings expansion\/Tiles\/houseBeigeTopLeft.png",
                 "imageheight":70,
                 "imagewidth":70
                }, 
                {
                 "id":28,
                 "image":"..\/kenney_tileset_packs\/Platformer Art Complete Pack\/Buildings expansion\/Tiles\/houseBeigeTopMid.png",
                 "imageheight":70,
                 "imagewidth":70
                }, 
                {
                 "id":29,
                 "image":"..\/kenney_tileset_packs\/Platformer Art Complete Pack\/Buildings expansion\/Tiles\/houseBeigeTopRight.png",
                 "imageheight":70,
                 "imagewidth":70
                },
            
                {
                 "id":30,
                 "image":"..\/kenney_tileset_packs\/Platformer Art Complete Pack\/Buildings expansion\/Tiles\/houseDark.png",
                 "imageheight":70,
                 "imagewidth":70
                }, 
                {
                 "id":31,
                 "image":"..\/kenney_tileset_packs\/Platformer Art Complete Pack\/Buildings expansion\/Tiles\/houseDarkAlt.png",
                 "imageheight":70,
                 "imagewidth":70
                }, 
                {
                 "id":32,
                 "image":"..\/kenney_tileset_packs\/Platformer Art Complete Pack\/Buildings expansion\/Tiles\/houseDarkAlt2.png",
                 "imageheight":70,
                 "imagewidth":70
                }, 
                {
                 "id":33,
                 "image":"..\/kenney_tileset_packs\/Platformer Art Complete Pack\/Buildings expansion\/Tiles\/houseDarkBottomLeft.png",
                 "imageheight":70,
                 "imagewidth":70
                }, 
                {
                 "id":34,
                 "image":"..\/kenney_tileset_packs\/Platformer Art Complete Pack\/Buildings expansion\/Tiles\/houseDarkBottomMid.png",
                 "imageheight":70,
                 "imagewidth":70
                }, 
                {
                 "id":35,
                 "image":"..\/kenney_tileset_packs\/Platformer Art Complete Pack\/Buildings expansion\/Tiles\/houseDarkBottomRight.png",
                 "imageheight":70,
                 "imagewidth":70
                }, 
                {
                 "id":36,
                 "image":"..\/kenney_tileset_packs\/Platformer Art Complete Pack\/Buildings expansion\/Tiles\/houseDarkMidLeft.png",
                 "imageheight":70,
                 "imagewidth":70
                }, 
                {
                 "id":37,
                 "image":"..\/kenney_tileset_packs\/Platformer Art Complete Pack\/Buildings expansion\/Tiles\/houseDarkMidRight.png",
                 "imageheight":70,
                 "imagewidth":70
                }, 
                {
                 "id":38,
                 "image":"..\/kenney_tileset_packs\/Platformer Art Complete Pack\/Buildings expansion\/Tiles\/houseDarkTopLeft.png",
                 "imageheight":70,
                 "imagewidth":70
                }, 
                {
                 "id":39,
                 "image":"..\/kenney_tileset_packs\/Platformer Art Complete Pack\/Buildings expansion\/Tiles\/houseDarkTopMid.png",
                 "imageheight":70,
                 "imagewidth":70
                }, 
                {
                 "id":40,
                 "image":"..\/kenney_tileset_packs\/Platformer Art Complete Pack\/Buildings expansion\/Tiles\/houseDarkTopRight.png",
                 "imageheight":70,
                 "imagewidth":70
                }, 
                {
                 "id":41,
                 "image":"..\/kenney_tileset_packs\/Platformer Art Complete Pack\/Buildings expansion\/Tiles\/houseGray.png",
                 "imageheight":70,
                 "imagewidth":70
                }, 
                {
                 "id":42,
                 "image":"..\/kenney_tileset_packs\/Platformer Art Complete Pack\/Buildings expansion\/Tiles\/houseGrayAlt.png",
                 "imageheight":70,
                 "imagewidth":70
                }, 
                {
                 "id":43,
                 "image":"..\/kenney_tileset_packs\/Platformer Art Complete Pack\/Buildings expansion\/Tiles\/houseGrayAlt2.png",
                 "imageheight":70,
                 "imagewidth":70
                }, 
                {
                 "id":44,
                 "image":"..\/kenney_tileset_packs\/Platformer Art Complete Pack\/Buildings expansion\/Tiles\/houseGrayBottomLeft.png",
                 "imageheight":70,
                 "imagewidth":70
                }, 
                {
                 "id":45,
                 "image":"..\/kenney_tileset_packs\/Platformer Art Complete Pack\/Buildings expansion\/Tiles\/houseGrayBottomMid.png",
                 "imageheight":70,
                 "imagewidth":70
                }, 
                {
                 "id":46,
                 "image":"..\/kenney_tileset_packs\/Platformer Art Complete Pack\/Buildings expansion\/Tiles\/houseGrayBottomRight.png",
                 "imageheight":70,
                 "imagewidth":70
                }, 
                {
                 "id":47,
                 "image":"..\/kenney_tileset_packs\/Platformer Art Complete Pack\/Buildings expansion\/Tiles\/houseGrayMidLeft.png",
                 "imageheight":70,
                 "imagewidth":70
                }, 
                {
                 "id":48,
                 "image":"..\/kenney_tileset_packs\/Platformer Art Complete Pack\/Buildings expansion\/Tiles\/houseGrayMidRight.png",
                 "imageheight":70,
                 "imagewidth":70
                }, 
                {
                 "id":49,
                 "image":"..\/kenney_tileset_packs\/Platformer Art Complete Pack\/Buildings expansion\/Tiles\/houseGrayTopLeft.png",
                 "imageheight":70,
                 "imagewidth":70
                }, 
                {
                 "id":50,
                 "image":"..\/kenney_tileset_packs\/Platformer Art Complete Pack\/Buildings expansion\/Tiles\/houseGrayTopMid.png",
                 "imageheight":70,
                 "imagewidth":70
                }, 
                {
                 "id":51,
                 "image":"..\/kenney_tileset_packs\/Platformer Art Complete Pack\/Buildings expansion\/Tiles\/houseGrayTopRight.png",
                 "imageheight":70,
                 "imagewidth":70
                }, 
                {
                 "id":52,
                 "image":"..\/kenney_tileset_packs\/Platformer Art Complete Pack\/Buildings expansion\/Tiles\/rockMoss.png",
                 "imageheight":70,
                 "imagewidth":70
                }, 
                {
                 "id":53,
                 "image":"..\/kenney_tileset_packs\/Platformer Art Complete Pack\/Buildings expansion\/Tiles\/rockMossAlt.png",
                 "imageheight":70,
                 "imagewidth":70
                }, 
                {
                 "id":54,
                 "image":"..\/kenney_tileset_packs\/Platformer Art Complete Pack\/Buildings expansion\/Tiles\/roofGreyLeft.png",
                 "imageheight":70,
                 "imagewidth":70
                }, 
                {
                 "id":55,
                 "image":"..\/kenney_tileset_packs\/Platformer Art Complete Pack\/Buildings expansion\/Tiles\/roofGreyMid.png",
                 "imageheight":70,
                 "imagewidth":70
                }, 
                {
                 "id":56,
                 "image":"..\/kenney_tileset_packs\/Platformer Art Complete Pack\/Buildings expansion\/Tiles\/roofGreyRight.png",
                 "imageheight":70,
                 "imagewidth":70
                }, 
                {
                 "id":57,
                 "image":"..\/kenney_tileset_packs\/Platformer Art Complete Pack\/Buildings expansion\/Tiles\/roofGreyTopLeft.png",
                 "imageheight":70,
                 "imagewidth":70
                }, 
                {
                 "id":58,
                 "image":"..\/kenney_tileset_packs\/Platformer Art Complete Pack\/Buildings expansion\/Tiles\/roofGreyTopMid.png",
                 "imageheight":70,
                 "imagewidth":70
                }, 
                {
                 "id":59,
                 "image":"..\/kenney_tileset_packs\/Platformer Art Complete Pack\/Buildings expansion\/Tiles\/roofGreyTopRight.png",
                 "imageheight":70,
                 "imagewidth":70
                },
            
                {
                 "id":60,
                 "image":"..\/kenney_tileset_packs\/Platformer Art Complete Pack\/Buildings expansion\/Tiles\/roofRedLeft.png",
                 "imageheight":70,
                 "imagewidth":70
                }, 
                {
                 "id":61,
                 "image":"..\/kenney_tileset_packs\/Platformer Art Complete Pack\/Buildings expansion\/Tiles\/roofRedMid.png",
                 "imageheight":70,
                 "imagewidth":70
                }, 
                {
                 "id":62,
                 "image":"..\/kenney_tileset_packs\/Platformer Art Complete Pack\/Buildings expansion\/Tiles\/roofRedRight.png",
                 "imageheight":70,
                 "imagewidth":70
                }, 
                {
                 "id":63,
                 "image":"..\/kenney_tileset_packs\/Platformer Art Complete Pack\/Buildings expansion\/Tiles\/roofRedTopLeft.png",
                 "imageheight":70,
                 "imagewidth":70
                }, 
                {
                 "id":64,
                 "image":"..\/kenney_tileset_packs\/Platformer Art Complete Pack\/Buildings expansion\/Tiles\/roofRedTopMid.png",
                 "imageheight":70,
                 "imagewidth":70
                }, 
                {
                 "id":65,
                 "image":"..\/kenney_tileset_packs\/Platformer Art Complete Pack\/Buildings expansion\/Tiles\/roofRedTopRight.png",
                 "imageheight":70,
                 "imagewidth":70
                }, 
                {
                 "id":66,
                 "image":"..\/kenney_tileset_packs\/Platformer Art Complete Pack\/Buildings expansion\/Tiles\/roofYellowLeft.png",
                 "imageheight":70,
                 "imagewidth":70
                }, 
                {
                 "id":67,
                 "image":"..\/kenney_tileset_packs\/Platformer Art Complete Pack\/Buildings expansion\/Tiles\/roofYellowMid.png",
                 "imageheight":70,
                 "imagewidth":70
                }, 
                {
                 "id":68,
                 "image":"..\/kenney_tileset_packs\/Platformer Art Complete Pack\/Buildings expansion\/Tiles\/roofYellowRight.png",
                 "imageheight":70,
                 "imagewidth":70
                }, 
                {
                 "id":69,
                 "image":"..\/kenney_tileset_packs\/Platformer Art Complete Pack\/Buildings expansion\/Tiles\/roofYellowTopLeft.png",
                 "imageheight":70,
                 "imagewidth":70
                }, 
                {
                 "id":70,
                 "image":"..\/kenney_tileset_packs\/Platformer Art Complete Pack\/Buildings expansion\/Tiles\/roofYellowTopMid.png",
                 "imageheight":70,
                 "imagewidth":70
                }, 
                {
                 "id":71,
                 "image":"..\/kenney_tileset_packs\/Platformer Art Complete Pack\/Buildings expansion\/Tiles\/roofYellowTopRight.png",
                 "imageheight":70,
                 "imagewidth":70
                }, 
                {
                 "id":72,
                 "image":"..\/kenney_tileset_packs\/Platformer Art Complete Pack\/Buildings expansion\/Tiles\/signBed.png",
                 "imageheight":70,
                 "imagewidth":70
                }, 
                {
                 "id":73,
                 "image":"..\/kenney_tileset_packs\/Platformer Art Complete Pack\/Buildings expansion\/Tiles\/signCoin.png",
                 "imageheight":70,
                 "imagewidth":70
                }, 
                {
                 "id":74,
                 "image":"..\/kenney_tileset_packs\/Platformer Art Complete Pack\/Buildings expansion\/Tiles\/signCup.png",
                 "imageheight":70,
                 "imagewidth":70
                }, 
                {
                 "id":75,
                 "image":"..\/kenney_tileset_packs\/Platformer Art Complete Pack\/Buildings expansion\/Tiles\/signHangingBed.png",
                 "imageheight":70,
                 "imagewidth":70
                }, 
                {
                 "id":76,
                 "image":"..\/kenney_tileset_packs\/Platformer Art Complete Pack\/Buildings expansion\/Tiles\/signHangingCoin.png",
                 "imageheight":70,
                 "imagewidth":70
                }, 
                {
                 "id":77,
                 "image":"..\/kenney_tileset_packs\/Platformer Art Complete Pack\/Buildings expansion\/Tiles\/signHangingCup.png",
                 "imageheight":70,
                 "imagewidth":70
                }, 
                {
                 "id":78,
                 "image":"..\/kenney_tileset_packs\/Platformer Art Complete Pack\/Buildings expansion\/Tiles\/window.png",
                 "imageheight":70,
                 "imagewidth":70
                }, 
                {
                 "id":79,
                 "image":"..\/kenney_tileset_packs\/Platformer Art Complete Pack\/Buildings expansion\/Tiles\/windowCheckered.png",
                 "imageheight":70,
                 "imagewidth":70
                }, 
                {
                 "id":80,
                 "image":"..\/kenney_tileset_packs\/Platformer Art Complete Pack\/Buildings expansion\/Tiles\/windowHighBottom.png",
                 "imageheight":70,
                 "imagewidth":70
                }, 
                {
                 "id":81,
                 "image":"..\/kenney_tileset_packs\/Platformer Art Complete Pack\/Buildings expansion\/Tiles\/windowHighCheckeredBottom.png",
                 "imageheight":70,
                 "imagewidth":70
                }, 
                {
                 "id":82,
                 "image":"..\/kenney_tileset_packs\/Platformer Art Complete Pack\/Buildings expansion\/Tiles\/windowHighCheckeredMid.png",
                 "imageheight":70,
                 "imagewidth":70
                }, 
                {
                 "id":83,
                 "image":"..\/kenney_tileset_packs\/Platformer Art Complete Pack\/Buildings expansion\/Tiles\/windowHighCheckeredTop.png",
                 "imageheight":70,
                 "imagewidth":70
                }, 
                {
                 "id":84,
                 "image":"..\/kenney_tileset_packs\/Platformer Art Complete Pack\/Buildings expansion\/Tiles\/windowHighLeadlightBottom.png",
                 "imageheight":70,
                 "imagewidth":70
                }, 
                {
                 "id":85,
                 "image":"..\/kenney_tileset_packs\/Platformer Art Complete Pack\/Buildings expansion\/Tiles\/windowHighLeadlightMid.png",
                 "imageheight":70,
                 "imagewidth":70
                }, 
                {
                 "id":86,
                 "image":"..\/kenney_tileset_packs\/Platformer Art Complete Pack\/Buildings expansion\/Tiles\/windowHighLeadlightTop.png",
                 "imageheight":70,
                 "imagewidth":70
                }, 
                {
                 "id":87,
                 "image":"..\/kenney_tileset_packs\/Platformer Art Complete Pack\/Buildings expansion\/Tiles\/windowHighMid.png",
                 "imageheight":70,
                 "imagewidth":70
                }, 
                {
                 "id":88,
                 "image":"..\/kenney_tileset_packs\/Platformer Art Complete Pack\/Buildings expansion\/Tiles\/windowHighOpenBottom.png",
                 "imageheight":70,
                 "imagewidth":70
                }, 
                {
                 "id":89,
                 "image":"..\/kenney_tileset_packs\/Platformer Art Complete Pack\/Buildings expansion\/Tiles\/windowHighOpenMid.png",
                 "imageheight":70,
                 "imagewidth":70
                },
            
                {
                 "id":90,
                 "image":"..\/kenney_tileset_packs\/Platformer Art Complete Pack\/Buildings expansion\/Tiles\/windowHighOpenTop.png",
                 "imageheight":70,
                 "imagewidth":70
                }, 
                {
                 "id":91,
                 "image":"..\/kenney_tileset_packs\/Platformer Art Complete Pack\/Buildings expansion\/Tiles\/windowHighTop.png",
                 "imageheight":70,
                 "imagewidth":70
                }, 
                {
                 "id":92,
                 "image":"..\/kenney_tileset_packs\/Platformer Art Complete Pack\/Buildings expansion\/Tiles\/windowLeadlight.png",
                 "imageheight":70,
                 "imagewidth":70
                }, 
                {
                 "id":93,
                 "image":"..\/kenney_tileset_packs\/Platformer Art Complete Pack\/Buildings expansion\/Tiles\/windowLow.png",
                 "imageheight":70,
                 "imagewidth":70
                }, 
                {
                 "id":94,
                 "image":"..\/kenney_tileset_packs\/Platformer Art Complete Pack\/Buildings expansion\/Tiles\/windowLowCheckered.png",
                 "imageheight":70,
                 "imagewidth":70
                }, 
                {
                 "id":95,
                 "image":"..\/kenney_tileset_packs\/Platformer Art Complete Pack\/Buildings expansion\/Tiles\/windowLowLeadlight.png",
                 "imageheight":70,
                 "imagewidth":70
                }, 
                {
                 "id":96,
                 "image":"..\/kenney_tileset_packs\/Platformer Art Complete Pack\/Buildings expansion\/Tiles\/windowLowOpen.png",
                 "imageheight":70,
                 "imagewidth":70
                }, 
                {
                 "id":97,
                 "image":"..\/kenney_tileset_packs\/Platformer Art Complete Pack\/Buildings expansion\/Tiles\/windowOpen.png",
                 "imageheight":70,
                 "imagewidth":70
                }],
         "tilewidth":70
        }, 
        {
         "columns":16,
         "firstgid":195,
         "image":"..\/imagenes\/penguin55.png",
         "imageheight":1126,
         "imagewidth":1126,
         "margin":0,
         "name":"penguin55",
         "spacing":0,
         "tilecount":256,
         "tileheight":70,
         "tiles":[
                {
                 "animation":[
                        {
                         "duration":100,
                         "tileid":0
                        }, 
                        {
                         "duration":100,
                         "tileid":1
                        }, 
                        {
                         "duration":100,
                         "tileid":2
                        }, 
                        {
                         "duration":100,
                         "tileid":3
                        }, 
                        {
                         "duration":100,
                         "tileid":4
                        }, 
                        {
                         "duration":100,
                         "tileid":5
                        }, 
                        {
                         "duration":100,
                         "tileid":6
                        }, 
                        {
                         "duration":100,
                         "tileid":7
                        }, 
                        {
                         "duration":100,
                         "tileid":8
                        }],
                 "id":0
                }, 
                {
                 "animation":[
                        {
                         "duration":100,
                         "tileid":16
                        }, 
                        {
                         "duration":100,
                         "tileid":145
                        }, 
                        {
                         "duration":100,
                         "tileid":146
                        }, 
                        {
                         "duration":100,
                         "tileid":147
                        }, 
                        {
                         "duration":100,
                         "tileid":148
                        }, 
                        {
                         "duration":100,
                         "tileid":149
                        }, 
                        {
                         "duration":100,
                         "tileid":150
                        }, 
                        {
                         "duration":100,
                         "tileid":151
                        }, 
                        {
                         "duration":100,
                         "tileid":152
                        }],
                 "id":16
                }],
         "tilewidth":70
        }],
 "tilewidth":70,
 "type":"map",
 "version":"1.10",
 "width":30
}